Exported,variables,from,results,directory:,./../outputs/n2/results/read_tb/2BL/SN2GND/alln/300626_newtb/raw_ff/nch_lvtll_mac_nch_lvtll_mac.raw/,,,,,,,,,,,,,,,,,,,,,,,,,,,,,,,,,,,,,,,,,
writetr0_vth1,writetr1_vth1,readtr0_vth1,readtr1_vth1,storagetr0_vth1,storagetr1_vth1,vb,vneg,vholddelta,taccess,twrite,vss_dc,pb3_on,vdd,drt,res,writetr0_plotox,writetr1_plotox,readtr0_plotox,readtr1_plotox,storagetr0_plotox,storagetr1_plotox,writetr0_parl2,writetr1_parl2,readtr0_parl2,readtr1_parl2,storagetr0_parl2,storagetr1_parl2,temp,bl0_current_sampled,bl0_sampled,bl1_current_sampled,bl1_sampled,bl_current_margin,bl_voltage_margin,rwl_activation_instant,senseamp_activation_instant,sn0_duringread,sn0_margin_read,sn1_duringread,sn1_margin_read,storagetr0_vth,storagetr0_vth_rwl,storagetr1_vth,storagetr1_vth_rwl,writetr0_vth,writetr1_vth
-4.61254,0.491976,-0.37938,1.05908,-3.7938,2.18219,0.925,-0.2,0,5.00E-10,5.00E-10,0,1,0.825,5.00E-06,2600,0.182863,-0.653643,0.00195054,0.0792486,0.0546151,-5.33121,0.20822,-0.0237746,0.0458377,-0.312557,0.325252,-0.959543,125,1.15E-05,0.520375,3.04E-05,0.328183,0.376478,0.192192,5.00E-06,5.00E-06,0.313205,-0.0191819,0.497489,0.122184,0.294023,0.280404,0.375305,0.367066,0.350197,0.368745
-4.60658,0.617003,-0.381806,1.06182,-3.80049,2.25028,0.925,-0.2,0,5.00E-10,4.00E-10,0,1,0.825,5.00E-06,2600,0.189927,-0.654123,-0.00390595,0.0814144,0.0434537,-5.28757,0.208968,-0.0318171,0.0405242,-0.311933,0.326635,-0.967927,125,1.15E-05,0.520364,3.03E-05,0.330053,0.378367,0.190311,5.00E-06,5.00E-06,0.313112,-0.0191725,0.497813,0.121628,0.29394,0.28032,0.376185,0.367929,0.350197,0.370886
-4.6058,0.906964,-0.370671,1.02116,-3.8039,2.40079,0.925,-0.2,0,5.00E-10,3.00E-10,0,1,0.825,5.00E-06,2600,0.183626,-0.639611,-0.00439531,0.077029,0.046395,-5.19272,0.207556,-0.0389641,0.0410229,-0.303021,0.314509,-0.947727,125,1.15E-05,0.52038,2.99E-05,0.334898,0.383142,0.185482,5.00E-06,5.00E-06,0.313079,-0.019186,0.498165,0.120034,0.293893,0.280278,0.378131,0.369812,0.350197,0.375836
-4.60575,1.1092,-0.380447,1.02319,-3.80204,2.50057,0.825,-0.2,0,5.00E-10,5.00E-10,0,1,0.825,5.00E-06,2600,0.183413,-0.636113,-0.00437855,0.0677086,0.0525426,-5.10517,0.207738,-0.0584096,0.04038,-0.286527,0.324986,-0.955186,125,1.14E-05,0.520428,2.96E-05,0.338225,0.386477,0.182203,5.00E-06,5.00E-06,0.313062,-0.0191463,0.498414,0.119005,0.293915,0.280294,0.379409,0.371057,0.350197,0.379293
-4.60543,1.33918,-0.381475,1.00144,-3.8021,2.61683,0.825,-0.2,0,5.00E-10,4.00E-10,0,1,0.825,5.00E-06,2600,0.183439,-0.636435,-0.00437918,0.0747424,0.058389,-4.99594,0.208254,-0.0699657,0.0457381,-0.280987,0.325519,-0.949735,125,1.14E-05,0.520422,2.93E-05,0.3426,0.391007,0.177822,5.00E-06,5.00E-06,0.313062,-0.01915,0.498493,0.117597,0.293912,0.280289,0.380896,0.372489,0.350197,0.383223
-4.60417,1.81555,-0.382545,0.965085,-3.80355,2.8807,0.825,-0.2,0,5.00E-10,3.00E-10,0,1,0.825,5.00E-06,2600,0.183972,-0.632127,-0.00389359,0.0652401,0.0579172,-4.70326,0.20782,-0.0813551,0.0345556,-0.253682,0.326575,-0.937274,125,1.14E-05,0.520404,2.84E-05,0.353689,0.402857,0.166715,5.00E-06,5.00E-06,0.313044,-0.019151,0.498271,0.11402,0.293893,0.28027,0.384251,0.375709,0.350197,0.391354
-4.615,0.49531,-0.388809,1.10718,-3.79029,2.15449,0.925,-0.2,0,4.00E-10,5.00E-10,0,1,0.825,5.00E-06,2600,0.183537,-0.660495,-0.00362245,0.0737956,0.0603741,-5.3448,0.208291,-0.02468,0.0404506,-0.282231,0.319379,-0.893366,125,1.15E-05,0.567358,3.04E-05,0.409981,0.376687,0.157378,5.00E-06,5.00E-06,0.313262,-0.0191952,0.496915,0.121969,0.294067,0.280444,0.374946,0.366719,0.350197,0.3688
-4.60889,2.13982,-0.380711,0.930557,-3.79836,3.06548,0.725,-0.2,0,5.00E-10,5.00E-10,0,1,0.825,5.00E-06,2600,0.177957,-0.631546,-0.00388977,0.0609279,0.057374,-4.45434,0.208102,-0.097142,0.0403563,-0.242733,0.325282,-0.919791,125,1.14E-05,0.520422,2.76E-05,0.364456,0.414753,0.155966,5.00E-06,5.00E-06,0.313111,-0.0191494,0.497032,0.110452,0.293962,0.28034,0.38658,0.377904,0.350197,0.396875
-4.60722,0.619343,-0.389735,1.09998,-3.79931,2.21475,0.925,-0.2,0,4.00E-10,4.00E-10,0,1,0.825,5.00E-06,2600,0.183369,-0.654263,-0.00363107,0.0725073,0.044178,-5.30952,0.208787,-0.0332224,0.040547,-0.278147,0.325586,-0.89361,125,1.15E-05,0.567347,3.02E-05,0.41158,0.378675,0.155767,5.00E-06,5.00E-06,0.31313,-0.0191755,0.49706,0.121335,0.293955,0.280332,0.375726,0.367478,0.350197,0.370918
-4.60612,0.9153,-0.380011,1.07359,-3.80253,2.37037,0.925,-0.2,0,4.00E-10,3.00E-10,0,1,0.825,5.00E-06,2600,0.183349,-0.64197,-0.00363068,0.0710659,0.0453834,-5.20754,0.208159,-0.0404053,0.0405425,-0.271429,0.315264,-0.883213,125,1.15E-05,0.567358,2.99E-05,0.415404,0.383376,0.151955,5.00E-06,5.00E-06,0.313099,-0.0191872,0.497556,0.119821,0.293912,0.280292,0.377735,0.369432,0.350197,0.375973
-4.60643,1.11658,-0.389548,1.07458,-3.8002,2.47025,0.825,-0.2,0,4.00E-10,5.00E-10,0,1,0.825,5.00E-06,2600,0.183317,-0.639381,-0.00361809,0.067905,0.0572864,-5.12065,0.20804,-0.0548374,0.041005,-0.262519,0.325025,-0.888833,125,1.14E-05,0.567399,2.96E-05,0.418101,0.3867,0.149298,5.00E-06,5.00E-06,0.313088,-0.0191506,0.497806,0.118791,0.293938,0.280312,0.379016,0.370679,0.350197,0.379414
-4.60558,1.34281,-0.390784,1.06364,-3.8011,2.59333,0.825,-0.2,0,4.00E-10,4.00E-10,0,1,0.825,5.00E-06,2600,0.182728,-0.635934,-0.00361837,0.0654301,0.0572909,-5.00758,0.208659,-0.0704808,0.0404052,-0.254833,0.32505,-0.886405,125,1.15E-05,0.567394,2.93E-05,0.421621,0.391207,0.145773,5.00E-06,5.00E-06,0.313077,-0.0191517,0.49801,0.117419,0.293926,0.280299,0.380591,0.372205,0.350197,0.38328
-4.60804,2.46448,-0.380721,0.894336,-3.79894,3.23346,0.725,-0.2,0,5.00E-10,4.00E-10,0,1,0.825,5.00E-06,2600,0.188659,-0.618766,-0.0043761,0.0542858,0.052027,-4.17357,0.208108,-0.117543,0.0403574,-0.226804,0.32529,-0.895256,125,1.14E-05,0.520423,2.66E-05,0.377825,0.430223,0.142597,5.00E-06,5.00E-06,0.313106,-0.0191492,0.494646,0.105971,0.293956,0.280335,0.388675,0.379829,0.350197,0.402378
-4.60672,1.82039,-0.39174,1.02914,-3.7997,2.85218,0.825,-0.2,0,4.00E-10,3.00E-10,0,1,0.825,5.00E-06,2600,0.183496,-0.63141,-0.00362164,0.0605765,0.0513065,-4.71767,0.207641,-0.0868853,0.0404416,-0.233021,0.325344,-0.878359,125,1.15E-05,0.567386,2.84E-05,0.430667,0.403066,0.136719,5.00E-06,5.00E-06,0.313101,-0.019154,0.497727,0.113846,0.293947,0.280321,0.38388,0.37536,0.350197,0.391431
-4.60663,2.14967,-0.389513,0.999457,-3.79987,3.04283,0.725,-0.2,0,4.00E-10,5.00E-10,0,1,0.825,5.00E-06,2600,0.183903,-0.63266,-0.00422073,0.0566946,0.0566784,-4.46234,0.208625,-0.0998598,0.0410014,-0.225275,0.325599,-0.862875,125,1.14E-05,0.567392,2.76E-05,0.43941,0.414894,0.127982,5.00E-06,5.00E-06,0.313091,-0.0191487,0.496609,0.110324,0.293942,0.280316,0.386285,0.377632,0.350197,0.39704
-4.60533,2.4741,-0.390211,0.970819,-3.80139,3.21186,0.725,-0.2,0,4.00E-10,4.00E-10,0,1,0.825,5.00E-06,2600,0.183948,-0.623845,0.00241243,0.0498659,0.0566921,-4.1783,0.208072,-0.119136,0.0410113,-0.208852,0.325678,-0.844173,125,1.14E-05,0.567388,2.66E-05,0.450263,0.430347,0.117125,5.00E-06,5.00E-06,0.313072,-0.0191494,0.494264,0.105873,0.293922,0.280296,0.388391,0.379573,0.350197,0.40254
-4.61172,0.492893,-0.399453,1.20853,-3.7928,2.12633,0.925,-0.2,0,3.00E-10,5.00E-10,0,1,0.825,5.00E-06,2600,0.183316,-0.661515,-0.00400253,0.0735762,0.0544344,-5.34579,0.208132,-0.0272836,0.0408258,-0.252485,0.325005,-0.830807,125,1.15E-05,0.618885,3.04E-05,0.50228,0.376734,0.116605,5.00E-06,5.00E-06,0.313222,-0.0191851,0.496472,0.121898,0.294037,0.280409,0.374574,0.366385,0.350197,0.368756
-4.60718,0.620465,-0.400032,1.20652,-3.7983,2.18247,0.925,-0.2,0,3.00E-10,4.00E-10,0,1,0.825,5.00E-06,2600,0.183582,-0.65465,-0.00320667,0.0703805,0.045695,-5.31071,0.208433,-0.0326208,0.0400834,-0.249571,0.325477,-0.834065,125,1.15E-05,0.61888,3.02E-05,0.503661,0.378706,0.115219,5.00E-06,5.00E-06,0.313146,-0.0191781,0.496569,0.121269,0.293968,0.28034,0.3753,0.367091,0.350197,0.370933
-4.6063,0.914753,-0.390473,1.18334,-3.8013,2.34138,0.925,-0.2,0,3.00E-10,3.00E-10,0,1,0.825,5.00E-06,2600,0.183611,-0.645055,-0.00240538,0.0661481,0.046504,-5.20683,0.206863,-0.0450606,0.0408914,-0.245503,0.315105,-0.828849,125,1.15E-05,0.61889,2.99E-05,0.506948,0.383411,0.111942,5.00E-06,5.00E-06,0.313118,-0.0191903,0.497126,0.119774,0.293928,0.280303,0.377352,0.369089,0.350197,0.375963
-4.6041,3.03155,-0.381606,0.819723,-3.80389,3.50223,0.725,-0.2,0,5.00E-10,3.00E-10,0,1,0.825,5.00E-06,2600,0.183502,-0.606148,-0.00389394,0.0437321,0.0511079,-3.56895,0.208326,-0.137909,0.0408864,-0.19649,0.325144,-0.841284,125,1.14E-05,0.520407,2.41E-05,0.409162,0.475405,0.111246,5.00E-06,5.00E-06,0.31304,-0.0191482,0.485891,0.0939337,0.293891,0.280269,0.391958,0.382666,0.350197,0.411913
-4.60628,1.11519,-0.399504,1.19054,-3.79928,2.44056,0.825,-0.2,0,3.00E-10,5.00E-10,0,1,0.825,5.00E-06,2600,0.183772,-0.641534,-0.00399504,0.0663124,0.0583275,-5.11972,0.208541,-0.0533143,0.0407494,-0.241016,0.325196,-0.833201,125,1.15E-05,0.618922,2.96E-05,0.509258,0.386724,0.109664,5.00E-06,5.00E-06,0.313102,-0.0191524,0.497371,0.118748,0.293949,0.280319,0.378623,0.37033,0.350197,0.379389
-4.60595,1.34525,-0.400343,1.18554,-3.79967,2.56339,0.825,-0.2,0,3.00E-10,4.00E-10,0,1,0.825,5.00E-06,2600,0.18379,-0.636855,-0.00239727,0.0689143,0.0575344,-5.00383,0.208562,-0.0682579,0.0407535,-0.236277,0.32443,-0.839441,125,1.15E-05,0.618918,2.93E-05,0.512241,0.391204,0.106677,5.00E-06,5.00E-06,0.313099,-0.0191548,0.497605,0.117411,0.293945,0.280314,0.380194,0.371854,0.350197,0.38332
-4.60432,1.83447,-0.401349,1.17291,-3.80162,2.84626,0.825,-0.2,0,3.00E-10,3.00E-10,0,1,0.825,5.00E-06,2600,0.183885,-0.637068,-0.003198,0.0642752,0.055965,-4.68837,0.20707,-0.0920404,0.0407745,-0.23021,0.324597,-0.83995,125,1.15E-05,0.618912,2.84E-05,0.519704,0.402868,0.0992086,5.00E-06,5.00E-06,0.313075,-0.0191556,0.497781,0.113992,0.293919,0.280288,0.383789,0.375328,0.350197,0.391679
-4.60783,2.16943,-0.399569,1.15679,-3.7975,3.03333,0.725,-0.2,0,3.00E-10,5.00E-10,0,1,0.825,5.00E-06,2600,0.183802,-0.642122,-0.00319655,0.0582867,0.0551405,-4.42471,0.208575,-0.0998856,0.040756,-0.216943,0.32445,-0.838749,125,1.15E-05,0.618927,2.76E-05,0.526929,0.414718,0.0919979,5.00E-06,5.00E-06,0.313126,-0.0191523,0.496642,0.1105,0.293974,0.280344,0.386143,0.377553,0.350197,0.397388
-4.60386,3.03381,-0.390997,0.912568,-3.80317,3.48546,0.725,-0.2,0,4.00E-10,3.00E-10,0,1,0.825,5.00E-06,2600,0.183431,-0.607196,-0.00362034,0.0453425,0.0555119,-3.56984,0.208169,-0.137408,0.0404271,-0.186496,0.325227,-0.80414,125,1.15E-05,0.56739,2.41E-05,0.478672,0.475559,0.088718,5.00E-06,5.00E-06,0.313051,-0.0191515,0.485617,0.0938809,0.293899,0.280272,0.391736,0.38248,0.350197,0.411952
-4.60623,2.44262,-0.399777,1.09115,-3.79948,3.1822,0.725,-0.2,0,3.00E-10,4.00E-10,0,1,0.825,5.00E-06,2600,0.183897,-0.612917,-0.00319822,0.0522181,0.0535701,-4.20098,0.208684,-0.116328,0.0407773,-0.202151,0.323819,-0.797231,125,1.15E-05,0.618922,2.66E-05,0.535901,0.430463,0.0830213,5.00E-06,5.00E-06,0.313101,-0.0191528,0.493809,0.105799,0.293949,0.280319,0.38801,0.379239,0.350197,0.401994
-4.60441,3.02552,-0.400627,1.06328,-3.80156,3.47097,0.725,-0.2,0,3.00E-10,3.00E-10,0,1,0.825,5.00E-06,2600,0.183121,-0.604421,-0.00319862,0.0468128,0.0559758,-3.55363,0.20791,-0.141414,0.041582,-0.191396,0.32466,-0.784602,125,1.15E-05,0.618916,2.41E-05,0.558456,0.475586,0.0604601,5.00E-06,5.00E-06,0.313075,-0.0191547,0.485499,0.0939615,0.29392,0.280289,0.391538,0.382342,0.350197,0.41181
-4.61232,0.498668,-0.560521,1.05351,-3.76237,1.87907,0.925,-0.1,0,5.00E-10,5.00E-10,0,1,0.825,5.00E-06,2600,0.180203,-0.325261,-0.00433748,0.080009,0.0463322,-5.47849,0.210171,-0.024166,0.0676252,-0.318077,0.416595,-0.939534,125,2.45E-05,0.3375,3.08E-05,0.32343,0.794174,0.0140695,5.00E-06,5.00E-06,0.388681,-0.0942387,0.494757,0.123389,0.294442,0.28346,0.371368,0.363156,0.350196,0.368645
-4.61164,0.624272,-0.560635,1.05181,-3.76319,1.95157,0.925,-0.1,0,5.00E-10,4.00E-10,0,1,0.825,5.00E-06,2600,0.180373,-0.333352,-0.00453397,0.0765071,0.0463253,-5.44004,0.210337,-0.027324,0.0678124,-0.313422,0.416336,-0.940909,125,2.45E-05,0.337498,3.07E-05,0.325135,0.797723,0.0123626,5.00E-06,5.00E-06,0.38867,-0.0942391,0.495187,0.122879,0.294431,0.283449,0.372308,0.364081,0.350196,0.370802
-4.61069,0.885642,-0.563034,1.04215,-3.76407,2.1138,0.925,-0.1,0,5.00E-10,3.00E-10,0,1,0.825,5.00E-06,2600,0.180518,-0.335066,-0.00472972,0.0788755,0.0459177,-5.3418,0.207911,-0.0400588,0.0681868,-0.30867,0.416807,-0.95458,125,2.45E-05,0.337494,3.03E-05,0.329036,0.805925,0.00845779,5.00E-06,5.00E-06,0.388657,-0.0942376,0.496143,0.121737,0.29442,0.283436,0.374407,0.366142,0.350196,0.375282
-4.61158,1.06937,-0.560519,1.02744,-3.76331,2.24161,0.825,-0.1,0,5.00E-10,5.00E-10,0,1,0.825,5.00E-06,2600,0.180603,-0.341777,-0.00472679,0.0748108,0.0433289,-5.25938,0.210145,-0.050075,0.0679476,-0.299847,0.416352,-0.94871,125,2.45E-05,0.337537,3.01E-05,0.332389,0.812996,0.00514749,5.00E-06,5.00E-06,0.388654,-0.0942233,0.496755,0.120698,0.294431,0.283448,0.376058,0.367757,0.350196,0.378432
-4.60981,0.499983,-0.578619,1.10041,-3.7627,1.84829,0.925,-0.1,0,4.00E-10,5.00E-10,0,1,0.825,5.00E-06,2600,0.18019,-0.330368,-0.00406804,0.0758222,0.0457056,-5.49194,0.210102,-0.026587,0.0684388,-0.288272,0.416615,-0.873432,125,2.45E-05,0.409546,3.08E-05,0.406092,0.794562,0.0034539,5.00E-06,5.00E-06,0.388669,-0.0942308,0.49415,0.123183,0.294438,0.283447,0.370967,0.362769,0.350196,0.368664
-4.60926,0.625869,-0.578341,1.09619,-3.76341,1.9201,0.925,-0.1,0,4.00E-10,4.00E-10,0,1,0.825,5.00E-06,2600,0.180178,-0.330639,-0.00406777,0.0749676,0.0454633,-5.45505,0.210328,-0.0302801,0.068195,-0.284486,0.416588,-0.874947,125,2.45E-05,0.40955,3.06E-05,0.407492,0.798146,0.00205802,5.00E-06,5.00E-06,0.388659,-0.0942303,0.494561,0.122662,0.294429,0.283438,0.371899,0.363684,0.350196,0.37082
-4.61137,1.26853,-0.560912,1.01594,-3.76351,2.3755,0.825,-0.1,0,5.00E-10,4.00E-10,0,1,0.825,5.00E-06,2600,0.180603,-0.344793,-0.00472679,0.0728806,0.0435258,-5.15726,0.210342,-0.0605875,0.0657811,-0.292693,0.416548,-0.951253,125,2.45E-05,0.337525,2.98E-05,0.335937,0.820657,0.00158755,5.00E-06,5.00E-06,0.388653,-0.0942244,0.497412,0.119632,0.294428,0.283445,0.377781,0.369441,0.350196,0.381845
-4.61058,0.884994,-0.581318,1.08574,-3.76146,2.08321,0.925,-0.1,0,4.00E-10,3.00E-10,0,1,0.825,5.00E-06,2600,0.18045,-0.334571,-0.00406851,0.0726703,0.0459502,-5.36009,0.207973,-0.0395729,0.068686,-0.276771,0.416424,-0.878759,125,2.45E-05,0.409542,3.03E-05,0.410693,0.806462,-0.00115081,5.00E-06,5.00E-06,0.388687,-0.0942331,0.495487,0.121476,0.294454,0.283463,0.374011,0.365757,0.350196,0.375262
-4.60933,1.07643,-0.579005,1.07595,-3.76329,2.21057,0.825,-0.1,0,4.00E-10,5.00E-10,0,1,0.825,5.00E-06,2600,0.180491,-0.341779,-0.00406403,0.0704846,0.0430309,-5.27475,0.210134,-0.0501434,0.0683713,-0.271768,0.416204,-0.880821,125,2.45E-05,0.409407,3.01E-05,0.413211,0.81353,-0.00380412,5.00E-06,5.00E-06,0.388729,-0.0942974,0.496213,0.120558,0.294431,0.283443,0.375655,0.36737,0.350196,0.378547
-4.61032,1.2746,-0.57895,1.06489,-3.7621,2.34532,0.825,-0.1,0,4.00E-10,4.00E-10,0,1,0.825,5.00E-06,2600,0.180309,-0.346263,-0.00406532,0.068274,0.0432838,-5.17368,0.210201,-0.0610505,0.0683931,-0.263542,0.416098,-0.881037,125,2.45E-05,0.409398,2.98E-05,0.416088,0.821217,-0.00669051,5.00E-06,5.00E-06,0.388749,-0.0943017,0.496874,0.119485,0.294447,0.283459,0.377389,0.369066,0.350196,0.381943
-4.61037,1.66986,-0.561034,0.986025,-3.76498,2.64109,0.825,-0.1,0,5.00E-10,3.00E-10,0,1,0.825,5.00E-06,2600,0.180382,-0.353424,-0.00452924,0.0676711,0.043717,-4.91506,0.210314,-0.0789039,0.0657724,-0.274794,0.414327,-0.946025,125,2.45E-05,0.337521,2.91E-05,0.34449,0.839564,-0.00696902,5.00E-06,5.00E-06,0.388636,-0.0942276,0.498145,0.116965,0.294409,0.283426,0.38118,0.372742,0.350196,0.388714
-4.60897,0.500346,-0.59161,1.19371,-3.76177,1.81452,0.925,-0.1,0,3.00E-10,5.00E-10,0,1,0.825,5.00E-06,2600,0.180433,-0.331072,-0.00341612,0.0732053,0.0456518,-5.49523,0.210247,-0.0268199,0.0683225,-0.257428,0.415835,-0.807896,125,2.45E-05,0.49072,3.08E-05,0.498881,0.794559,-0.00816142,5.00E-06,5.00E-06,0.388677,-0.0942267,0.493618,0.123095,0.29445,0.283454,0.370523,0.362358,0.350196,0.368667
-4.60825,0.626411,-0.591518,1.19238,-3.76274,1.88956,0.925,-0.1,0,3.00E-10,4.00E-10,0,1,0.825,5.00E-06,2600,0.180095,-0.330789,-0.00341559,0.0718724,0.0456447,-5.45703,0.210214,-0.0301117,0.0680013,-0.254521,0.41546,-0.809938,125,2.45E-05,0.490717,3.06E-05,0.50009,0.798141,-0.00937215,5.00E-06,5.00E-06,0.388665,-0.0942274,0.49408,0.122584,0.294437,0.283441,0.371497,0.363317,0.350196,0.370827
-4.60872,0.886508,-0.593903,1.18794,-3.7618,2.05072,0.925,-0.1,0,3.00E-10,3.00E-10,0,1,0.825,5.00E-06,2600,0.180686,-0.335709,-0.00372548,0.0705252,0.046258,-5.36167,0.208006,-0.0402059,0.0683004,-0.249584,0.416012,-0.817521,125,2.45E-05,0.490716,3.03E-05,0.502859,0.806451,-0.0121435,5.00E-06,5.00E-06,0.388678,-0.094228,0.494992,0.121409,0.29445,0.283452,0.373582,0.365366,0.350196,0.375285
-4.60905,1.67737,-0.578821,1.04043,-3.76365,2.61416,0.825,-0.1,0,4.00E-10,3.00E-10,0,1,0.825,5.00E-06,2600,0.180269,-0.354485,-0.00406442,0.0638977,0.0432741,-4.9296,0.210155,-0.079477,0.0683779,-0.249043,0.416245,-0.878085,125,2.45E-05,0.4094,2.91E-05,0.423005,0.840065,-0.0136047,5.00E-06,5.00E-06,0.388727,-0.0943005,0.497675,0.116844,0.294426,0.283438,0.380831,0.372412,0.350196,0.388839
-4.60862,1.07693,-0.591629,1.1842,-3.76229,2.18149,0.825,-0.1,0,3.00E-10,5.00E-10,0,1,0.825,5.00E-06,2600,0.18025,-0.342449,-0.00372289,0.0684459,0.0431234,-5.2745,0.210033,-0.0502375,0.0685632,-0.245484,0.415412,-0.820912,125,2.45E-05,0.490606,3.01E-05,0.505045,0.813519,-0.014439,5.00E-06,5.00E-06,0.388734,-0.0942896,0.49577,0.120499,0.294444,0.28345,0.375271,0.367026,0.350196,0.378553
-4.61047,2.00207,-0.560754,0.952644,-3.76461,2.86308,0.725,-0.1,0,5.00E-10,5.00E-10,0,1,0.825,5.00E-06,2600,0.180552,-0.364481,-0.00452856,0.0625486,0.0435135,-4.66978,0.210086,-0.0906054,0.0681253,-0.257659,0.416627,-0.932052,125,2.45E-05,0.337312,2.84E-05,0.353748,0.861277,-0.0164354,5.00E-06,5.00E-06,0.388721,-0.0943073,0.497989,0.113986,0.294414,0.283434,0.384003,0.375451,0.350196,0.394393
-4.60842,1.27537,-0.592223,1.18003,-3.76243,2.31391,0.825,-0.1,0,3.00E-10,4.00E-10,0,1,0.825,5.00E-06,2600,0.180242,-0.346179,-0.00341249,0.066699,0.0434317,-5.17322,0.210334,-0.0610132,0.0685601,-0.240772,0.415394,-0.823787,125,2.45E-05,0.490604,2.98E-05,0.507524,0.821206,-0.0169206,5.00E-06,5.00E-06,0.388731,-0.0942884,0.496406,0.119431,0.294442,0.283448,0.376974,0.368694,0.350196,0.381953
-4.61028,2.01068,-0.578916,1.01882,-3.76211,2.8353,0.725,-0.1,0,4.00E-10,5.00E-10,0,1,0.825,5.00E-06,2600,0.180537,-0.36781,-0.00406508,0.0598404,0.0432812,-4.68224,0.210189,-0.0911854,0.068389,-0.235635,0.416312,-0.868453,125,2.45E-05,0.409413,2.84E-05,0.430688,0.861593,-0.0212746,5.00E-06,5.00E-06,0.388743,-0.094296,0.497458,0.113816,0.294447,0.283459,0.383642,0.375112,0.350196,0.394536
-4.60833,1.6786,-0.591981,1.16968,-3.76255,2.59025,0.825,-0.1,0,3.00E-10,3.00E-10,0,1,0.825,5.00E-06,2600,0.180262,-0.354926,-0.00372315,0.063372,0.0434367,-4.92225,0.210048,-0.0798097,0.068568,-0.231643,0.415752,-0.828378,125,2.45E-05,0.490604,2.91E-05,0.513393,0.839973,-0.0227887,5.00E-06,5.00E-06,0.388731,-0.0942897,0.49736,0.116848,0.294441,0.283446,0.380512,0.372142,0.350196,0.388859
-4.6102,2.29501,-0.560769,0.922441,-3.76491,3.04213,0.725,-0.1,0,5.00E-10,4.00E-10,0,1,0.825,5.00E-06,2600,0.180557,-0.366733,-0.00452868,0.0587651,0.0433178,-4.42469,0.210485,-0.110215,0.0681272,-0.243595,0.416639,-0.916589,125,2.45E-05,0.337331,2.77E-05,0.363812,0.885105,-0.0264811,5.00E-06,5.00E-06,0.388713,-0.0943029,0.496926,0.110667,0.29441,0.28343,0.386259,0.377581,0.350196,0.399381
-4.6085,2.02361,-0.591653,1.16325,-3.76244,2.83017,0.725,-0.1,0,3.00E-10,5.00E-10,0,1,0.825,5.00E-06,2600,0.180257,-0.371492,-0.00341278,0.0605361,0.0428149,-4.65279,0.210041,-0.0925463,0.0685659,-0.225813,0.415429,-0.832045,125,2.45E-05,0.490617,2.84E-05,0.519764,0.86118,-0.0291466,5.00E-06,5.00E-06,0.388723,-0.0942807,0.497509,0.113948,0.294443,0.283448,0.383561,0.37509,0.350196,0.394763
-4.60937,2.30353,-0.578532,0.991689,-3.76332,3.0172,0.725,-0.1,0,4.00E-10,4.00E-10,0,1,0.825,5.00E-06,2600,0.180253,-0.366777,-0.00406407,0.0564602,0.0430313,-4.4349,0.210136,-0.109926,0.0683719,-0.22413,0.416208,-0.859307,125,2.45E-05,0.409418,2.76E-05,0.438898,0.885384,-0.0294797,5.00E-06,5.00E-06,0.388723,-0.0942918,0.496461,0.110527,0.294431,0.283443,0.385934,0.37728,0.350196,0.399523
-4.60849,2.32041,-0.592002,1.15409,-3.76238,3.00918,0.725,-0.1,0,3.00E-10,4.00E-10,0,1,0.825,5.00E-06,2600,0.180269,-0.37351,-0.00341301,0.0580164,0.0425075,-4.39606,0.210366,-0.111957,0.0682602,-0.219599,0.415456,-0.836442,125,2.45E-05,0.490626,2.77E-05,0.526533,0.884984,-0.0359071,5.00E-06,5.00E-06,0.38872,-0.0942763,0.49651,0.110699,0.294443,0.283449,0.385811,0.377222,0.350196,0.399819
-4.60892,2.82789,-0.579074,0.942767,-3.76374,3.30803,0.725,-0.1,0,4.00E-10,3.00E-10,0,1,0.825,5.00E-06,2600,0.180512,-0.353894,-0.00406452,0.0405207,0.042797,-3.91136,0.210159,-0.146811,0.0686186,-0.201992,0.416493,-0.826499,125,2.45E-05,0.409448,2.57E-05,0.460165,0.951629,-0.0507173,5.00E-06,5.00E-06,0.3887,-0.0942748,0.491281,0.101737,0.294425,0.283436,0.389543,0.380566,0.350196,0.408388
-4.61119,2.81864,-0.561134,0.859188,-3.76367,3.33643,0.725,-0.1,0,5.00E-10,3.00E-10,0,1,0.825,5.00E-06,2600,0.180414,-0.352549,-0.00453004,0.0509262,0.0431338,-3.90274,0.210351,-0.146659,0.0681475,-0.213103,0.416567,-0.871865,125,2.45E-05,0.337365,2.57E-05,0.389422,0.951417,-0.0520567,5.00E-06,5.00E-06,0.388717,-0.0942907,0.491748,0.101833,0.294426,0.283446,0.389915,0.380907,0.350196,0.408238
-4.60832,2.83039,-0.591828,1.10733,-3.76263,3.29945,0.725,-0.1,0,3.00E-10,3.00E-10,0,1,0.825,5.00E-06,2600,0.180311,-0.356885,-0.0034138,0.0517711,0.0418966,-3.87708,0.210104,-0.148123,0.0685863,-0.201332,0.415552,-0.807486,125,2.45E-05,0.49064,2.57E-05,0.543803,0.95166,-0.0531621,5.00E-06,5.00E-06,0.388706,-0.0942652,0.491263,0.101848,0.29444,0.283445,0.389415,0.380502,0.350196,0.40844
-4.54308,0.416618,-0.678507,1.19476,-3.81558,1.72222,0.925,0,0,3.00E-10,5.00E-10,0,1,0.825,5.00E-06,2600,0.167196,-0.176261,-0.0108668,0.0737532,0.131736,-5.53939,0.210854,-0.0212918,0.089794,-0.257697,0.493391,-0.802944,125,4.04E-05,0.346428,3.11E-05,0.496545,1.3024,-0.150117,5.00E-06,5.00E-06,0.458113,-0.16441,0.493496,0.124173,0.293703,0.285188,0.369323,0.361191,0.350196,0.367184
-4.54282,0.527111,-0.678744,1.19446,-3.81584,1.78796,0.925,0,0,3.00E-10,4.00E-10,0,1,0.825,5.00E-06,2600,0.167017,-0.180906,-0.0112489,0.075176,0.131745,-5.50807,0.211059,-0.0261577,0.0898002,-0.25828,0.493424,-0.808692,125,4.04E-05,0.346426,3.09E-05,0.497631,1.30763,-0.151205,5.00E-06,5.00E-06,0.45811,-0.16441,0.493897,0.12372,0.2937,0.285184,0.370178,0.362032,0.350196,0.369079
-4.54307,0.740895,-0.678477,1.1968,-3.8156,1.93945,0.925,0,0,3.00E-10,3.00E-10,0,1,0.825,5.00E-06,2600,0.166998,-0.185885,-0.0112476,0.0715788,0.131921,-5.4303,0.211035,-0.0361197,0.08979,-0.253939,0.493368,-0.814676,125,4.04E-05,0.346423,3.07E-05,0.500042,1.31937,-0.153619,5.00E-06,5.00E-06,0.458115,-0.164412,0.494858,0.122715,0.293703,0.285188,0.372144,0.363971,0.350196,0.372747
-4.54327,0.928613,-0.678584,1.191,-3.81532,2.07335,0.825,0,0,3.00E-10,5.00E-10,0,1,0.825,5.00E-06,2600,0.167168,-0.192552,-0.0114368,0.0700591,0.132286,-5.35181,0.210818,-0.0453842,0.0895883,-0.251375,0.493498,-0.819339,125,4.04E-05,0.346496,3.04E-05,0.502396,1.33086,-0.155899,5.00E-06,5.00E-06,0.458081,-0.164374,0.495569,0.121693,0.293706,0.28519,0.373877,0.365672,0.350196,0.375966
-4.54284,1.09628,-0.678823,1.191,-3.81578,2.19587,0.825,0,0,3.00E-10,4.00E-10,0,1,0.825,5.00E-06,2600,0.16718,-0.19648,-0.0110564,0.0707065,0.132105,-5.26995,0.210834,-0.0528647,0.089976,-0.239874,0.493534,-0.82557,125,4.04E-05,0.346493,3.01E-05,0.504509,1.34149,-0.158016,5.00E-06,5.00E-06,0.458075,-0.164375,0.496263,0.120804,0.2937,0.285184,0.375458,0.367226,0.350196,0.378841
-4.54255,1.42867,-0.678781,1.17961,-3.81612,2.44749,0.825,0,0,3.00E-10,3.00E-10,0,1,0.825,5.00E-06,2600,0.167551,-0.200435,-0.0110557,0.0683449,0.132859,-5.07768,0.211202,-0.068783,0.090161,-0.235702,0.493121,-0.830216,125,4.04E-05,0.346494,2.96E-05,0.509212,1.36568,-0.162719,5.00E-06,5.00E-06,0.458075,-0.164379,0.497473,0.118777,0.293696,0.285179,0.378696,0.370395,0.350196,0.384536
-4.54682,0.416424,-0.623112,1.10467,-3.82031,1.7544,0.925,0,0,4.00E-10,5.00E-10,0,1,0.825,5.00E-06,2600,0.166194,-0.177402,-0.0101095,0.0782658,0.133874,-5.53649,0.211227,-0.0211193,0.0886878,-0.291944,0.495212,-0.867383,125,4.04E-05,0.235856,3.11E-05,0.403379,1.30226,-0.167523,5.00E-06,5.00E-06,0.458077,-0.164438,0.494,0.124253,0.29364,0.285148,0.369747,0.361582,0.350196,0.367183
-4.55504,0.390023,-0.551761,1.06173,-3.8219,1.77144,0.925,0,0,5.00E-10,5.00E-10,0,1,0.825,5.00E-06,2600,0.16629,-0.17401,-0.0106614,0.0820049,0.133475,-5.528,0.211151,-0.0203345,0.0844603,-0.326353,0.492916,-0.938056,125,4.04E-05,0.152064,3.11E-05,0.320143,1.30139,-0.168079,5.00E-06,5.00E-06,0.458081,-0.164462,0.494398,0.12443,0.293619,0.285158,0.369968,0.36179,0.350196,0.366734
-4.54308,1.77703,-0.678774,1.1778,-3.81551,2.69641,0.725,0,0,3.00E-10,5.00E-10,0,1,0.825,5.00E-06,2600,0.167549,-0.211913,-0.0106744,0.0652041,0.132286,-4.83554,0.210628,-0.0828093,0.0893977,-0.230823,0.493498,-0.832222,125,4.04E-05,0.346489,2.90E-05,0.51494,1.39629,-0.168452,5.00E-06,5.00E-06,0.458079,-0.164375,0.498096,0.116221,0.293704,0.285187,0.381875,0.373489,0.350196,0.3905
-4.54813,0.527168,-0.62295,1.10076,-3.81872,1.82175,0.925,0,0,4.00E-10,4.00E-10,0,1,0.825,5.00E-06,2600,0.167417,-0.178521,-0.0117942,0.0762974,0.133872,-5.50551,0.211224,-0.0261732,0.0886864,-0.289387,0.495204,-0.871124,125,4.04E-05,0.235859,3.09E-05,0.404647,1.3075,-0.168788,5.00E-06,5.00E-06,0.458099,-0.164439,0.494413,0.123791,0.293661,0.285169,0.370623,0.362443,0.350196,0.369081
-4.55479,0.501298,-0.55132,1.05888,-3.82201,1.8416,0.925,0,0,5.00E-10,4.00E-10,0,1,0.825,5.00E-06,2600,0.168317,-0.176096,-0.011904,0.0813004,0.133435,-5.49617,0.212334,-0.0240281,0.084712,-0.323885,0.4936,-0.940715,125,4.04E-05,0.152062,3.09E-05,0.321694,1.30665,-0.169632,5.00E-06,5.00E-06,0.458079,-0.164462,0.494852,0.123971,0.293618,0.285156,0.370881,0.362689,0.350196,0.368642
-4.54714,0.739699,-0.621394,1.09568,-3.82024,1.97504,0.925,0,0,4.00E-10,3.00E-10,0,1,0.825,5.00E-06,2600,0.1689,-0.185411,-0.0116377,0.0729966,0.13414,-5.42778,0.211164,-0.0360117,0.0898861,-0.281767,0.493838,-0.877663,125,4.04E-05,0.235852,3.07E-05,0.407417,1.31919,-0.171565,5.00E-06,5.00E-06,0.458084,-0.164443,0.4954,0.122788,0.293641,0.28515,0.372613,0.364403,0.350196,0.372729
-4.55575,0.716989,-0.552514,1.05295,-3.82096,1.99146,0.925,0,0,5.00E-10,3.00E-10,0,1,0.825,5.00E-06,2600,0.167332,-0.183163,-0.0106572,0.0789551,0.134807,-5.41913,0.209961,-0.0358015,0.0835969,-0.315501,0.492723,-0.950657,125,4.04E-05,0.15205,3.07E-05,0.325109,1.31834,-0.173059,5.00E-06,5.00E-06,0.458099,-0.164468,0.495795,0.12297,0.293631,0.285169,0.372826,0.364602,0.350196,0.372344
-4.54312,2.04575,-0.678455,1.17238,-3.81548,2.88622,0.725,0,0,3.00E-10,4.00E-10,0,1,0.825,5.00E-06,2600,0.167565,-0.211995,-0.0106753,0.0631568,0.132107,-4.61531,0.211219,-0.0942936,0.0899778,-0.224582,0.493543,-0.837159,125,4.04E-05,0.346493,2.84E-05,0.520093,1.42497,-0.1736,5.00E-06,5.00E-06,0.458082,-0.164378,0.498162,0.113878,0.293704,0.285188,0.384284,0.375815,0.350196,0.395091
-4.54824,0.927568,-0.622846,1.08604,-3.81868,2.10654,0.825,0,0,4.00E-10,5.00E-10,0,1,0.825,5.00E-06,2600,0.166123,-0.192093,-0.0130142,0.0722749,0.132898,-5.35002,0.212515,-0.0444215,0.0872719,-0.276133,0.495,-0.882906,125,4.04E-05,0.235929,3.04E-05,0.410157,1.33064,-0.174227,5.00E-06,5.00E-06,0.458062,-0.1644,0.496077,0.121762,0.293662,0.285169,0.374315,0.366071,0.350196,0.375951
-4.55394,0.904685,-0.552823,1.03956,-3.82284,2.12481,0.825,0,0,5.00E-10,5.00E-10,0,1,0.825,5.00E-06,2600,0.167342,-0.18678,-0.0119035,0.0798708,0.1326,-5.34295,0.212049,-0.0438202,0.0858163,-0.307984,0.493859,-0.949126,125,4.04E-05,0.152134,3.04E-05,0.328522,1.32989,-0.176389,5.00E-06,5.00E-06,0.458028,-0.164422,0.49647,0.121917,0.293607,0.285144,0.374553,0.366294,0.350196,0.375561
-4.5489,1.09467,-0.622803,1.07544,-3.81813,2.2285,0.825,0,0,4.00E-10,4.00E-10,0,1,0.825,5.00E-06,2600,0.167531,-0.192493,-0.0102601,0.0707311,0.132922,-5.27041,0.209949,-0.0496067,0.0885125,-0.271531,0.49371,-0.885088,125,4.04E-05,0.23594,3.01E-05,0.412612,1.34128,-0.176673,5.00E-06,5.00E-06,0.458072,-0.164403,0.496741,0.120851,0.293669,0.285176,0.37589,0.367614,0.350196,0.378815
-4.55442,1.08008,-0.553611,1.03161,-3.82227,2.2453,0.825,0,0,5.00E-10,4.00E-10,0,1,0.825,5.00E-06,2600,0.16719,-0.190264,-0.0117642,0.0793777,0.133835,-5.26165,0.210926,-0.0487779,0.0835952,-0.30115,0.493544,-0.952532,125,4.04E-05,0.152121,3.01E-05,0.331526,1.34045,-0.179406,5.00E-06,5.00E-06,0.45804,-0.164426,0.497129,0.121022,0.293614,0.285151,0.376108,0.367818,0.350196,0.378568
-4.54866,1.42905,-0.621873,1.06213,-3.81852,2.47846,0.825,0,0,4.00E-10,3.00E-10,0,1,0.825,5.00E-06,2600,0.168752,-0.199656,-0.0116381,0.0670917,0.133072,-5.07884,0.212548,-0.0680171,0.0885108,-0.259113,0.492475,-0.880984,125,4.04E-05,0.235938,2.96E-05,0.418063,1.36541,-0.182124,5.00E-06,5.00E-06,0.45807,-0.164406,0.497912,0.118807,0.293664,0.285172,0.379105,0.370761,0.350196,0.384545
-4.5545,1.41126,-0.553898,1.00985,-3.82193,2.49835,0.825,0,0,5.00E-10,3.00E-10,0,1,0.825,5.00E-06,2600,0.168301,-0.200419,-0.0117645,0.0714963,0.133838,-5.06992,0.212037,-0.0663279,0.0858113,-0.287421,0.49383,-0.954146,125,4.04E-05,0.152129,2.96E-05,0.338276,1.36459,-0.186147,5.00E-06,5.00E-06,0.458044,-0.164426,0.498347,0.118983,0.293618,0.285155,0.379364,0.371002,0.350196,0.384245
-4.54297,2.43846,-0.67871,1.05164,-3.81565,3.14782,0.725,0,0,3.00E-10,3.00E-10,0,1,0.825,5.00E-06,2600,0.167199,-0.198682,-0.0110576,0.0503292,0.131929,-4.28615,0.210667,-0.111199,0.0897957,-0.192358,0.49359,-0.759418,125,4.04E-05,0.346486,2.69E-05,0.532803,1.50074,-0.186316,5.00E-06,5.00E-06,0.458079,-0.164376,0.494855,0.107262,0.293702,0.285186,0.387593,0.378861,0.350196,0.401743
-4.54675,1.77561,-0.622997,1.03939,-3.82053,2.71979,0.725,0,0,4.00E-10,5.00E-10,0,1,0.825,5.00E-06,2600,0.168767,-0.211119,-0.0117922,0.0630206,0.132931,-4.84516,0.211188,-0.0828271,0.0885183,-0.246231,0.493742,-0.882063,125,4.04E-05,0.235931,2.90E-05,0.424859,1.3963,-0.188928,5.00E-06,5.00E-06,0.45804,-0.164403,0.498383,0.116195,0.293637,0.285144,0.382189,0.373749,0.350196,0.390477
-4.55494,1.76256,-0.552776,0.981032,-3.82196,2.74197,0.725,0,0,5.00E-10,5.00E-10,0,1,0.825,5.00E-06,2600,0.167189,-0.208425,-0.0117641,0.0667718,0.134942,-4.83596,0.210924,-0.0802884,0.0835946,-0.271953,0.491741,-0.947511,125,4.04E-05,0.15213,2.90E-05,0.346628,1.3954,-0.194497,5.00E-06,5.00E-06,0.458049,-0.164432,0.498832,0.116355,0.293618,0.285155,0.382477,0.374018,0.350196,0.390256
-4.54756,2.03788,-0.623073,1.01949,-3.8196,2.89351,0.725,0,0,4.00E-10,4.00E-10,0,1,0.825,5.00E-06,2600,0.166143,-0.214073,-0.0130158,0.0590243,0.134292,-4.64288,0.211315,-0.0918401,0.0885073,-0.235657,0.493834,-0.875014,125,4.04E-05,0.235928,2.84E-05,0.431066,1.42525,-0.195138,5.00E-06,5.00E-06,0.458057,-0.164408,0.498143,0.11375,0.293649,0.285156,0.384393,0.375862,0.350196,0.394954
-4.55405,2.01829,-0.552526,0.956126,-3.82298,2.91662,0.725,0,0,5.00E-10,4.00E-10,0,1,0.825,5.00E-06,2600,0.167336,-0.213103,-0.0107958,0.0639825,0.132872,-4.63719,0.211211,-0.0923619,0.0847059,-0.257994,0.492595,-0.936777,125,4.04E-05,0.152134,2.84E-05,0.354266,1.42441,-0.202132,5.00E-06,5.00E-06,0.45803,-0.164425,0.498574,0.113878,0.293605,0.285142,0.384696,0.376143,0.350196,0.394623
-4.54803,2.50449,-0.624348,0.980081,-3.81896,3.18695,0.725,0,0,4.00E-10,3.00E-10,0,1,0.825,5.00E-06,2600,0.166268,-0.217772,-0.0102578,0.0540734,0.131361,-4.21498,0.211127,-0.121454,0.0886458,-0.215871,0.493599,-0.855881,125,4.04E-05,0.235925,2.70E-05,0.446317,1.49959,-0.210392,5.00E-06,5.00E-06,0.45806,-0.164401,0.495657,0.107579,0.293659,0.285166,0.388079,0.37932,0.350196,0.402891
-4.55489,2.49628,-0.551591,0.907395,-3.82225,3.20738,0.725,0,0,5.00E-10,3.00E-10,0,1,0.825,5.00E-06,2600,0.167346,-0.21533,-0.0128728,0.0550079,0.134818,-4.2081,0.209978,-0.12412,0.0847112,-0.231315,0.491519,-0.911862,125,4.04E-05,0.152131,2.70E-05,0.373029,1.49903,-0.220898,5.00E-06,5.00E-06,0.458048,-0.164434,0.496012,0.107666,0.293614,0.285151,0.388345,0.379559,0.350196,0.402752
,,,,,,,,,,,,,,,,,,,,,,,,,,,,,,,,,,,,,,,,,,,,,,
date,:,10:52:20,"AM,",Tue,Jul,"14,",2026,,,,,,,,,,,,,,,,,,,,,,,,,,,,,,,,,,,,,,,
design,:,//new,bitcell,tb,with,periphery,+,pb,applied.,updated,in,100726,,,,,,,,,,,,,,,,,,,,,,,,,,,,,,,,,,
simulator,:,spectre,,,,,,,,,,,,,,,,,,,,,,,,,,,,,,,,,,,,,,,,,,,,
version,:,24.1.0.371.isr8,,,,,,,,,,,,,,,,,,,,,,,,,,,,,,,,,,,,,,,,,,,,
,,,,,,,,,,,,,,,,,,,,,,,,,,,,,,,,,,,,,,,,,,,,,,
,,,,,,,,,,,,,,,,,,,,,,,,,,,,,,,,,,,,,,,,,,,,,,
Swept,Measurements,:,,,,,,,,,,,,,,,,,,,,,,,,,,,,,,,,,,,,,,,,,,,,
Measurement,Name,:,read_tb-meas_foreach,,,,,,,,,,,,,,,,,,,,,,,,,,,,,,,,,,,,,,,,,,,
Analysis,Type,:,tran,,,,,,,,,,,,,,,,,,,,,,,,,,,,,,,,,,,,,,,,,,,
